Book Id,Title,Author,Author l-f,Additional Authors,ISBN,ISBN13,My Rating,Average Rating,Publisher,Binding,Number of Pages,Year Published,Original Publication Year,Date Read,Date Added,Bookshelves,Bookshelves with positions,Exclusive Shelf,My Review,Spoiler,Private Notes,Read Count,Recommended For,Recommended By,Owned Copies,Original Purchase Date,Original Purchase Location,Condition,Condition Description,BCID,Subjects
53028775,"The Gilded Ones (Deathless, #1)",Namina Forna,"Forna, Namina",,"=""1984848690""","=""9781984848697""",0,4.04,Delacorte Press,Hardcover,432,2021,2020,,2022/02/17,to-read,to-read (#8),to-read,,,,0,,,0,,,,,,"young adult fiction, fantasy, dark fantasy~young adult fiction, animals, mythical creatures~young adult fiction, fantasy, epic~new york times bestseller~nyt:young-adult-hardcover=2021-02-28"
22590,Ubik,Philip K. Dick,"Dick, Philip K.","David Alabort, Manuel Espín","=""8498000831""","=""9788498000832""",5,4.09,La factoría de ideas,Paperback,288,2006,1969,,2021/11/22,,,read,,,,1,,,0,,,,,,"explosions~science fiction~iowa, fiction~death~motion picture plays~murder victims~fiction, science fiction, general~fiction, humorous, general~protected daisy~fiction~fiction, humorous~accessible book~large type books~terrorism~fiction / literary~fiction / science fiction / general~businessmen"
320,One Hundred Years of Solitude,Gabriel García Márquez,"Márquez, Gabriel García",Gregory Rabassa,"=""""","=""""",4,4.1,Harper,Mass Market Paperback,417,2003,1967,,2021/11/22,,,read,,,,1,,,0,,,,,,
40382407,Binti: The Complete Trilogy,Nnedi Okorafor,"Okorafor, Nnedi",,"=""""","=""""",4,4.09,DAW,Kindle Edition,368,2019,2019,,2022/01/21,,,read,,,,1,,,0,,,,,,
567678,The Wasp Factory,Iain Banks,"Banks, Iain",,"=""0684853159""","=""9780684853154""",0,3.8,Simon & Schuster (NYC),Paperback,192,1998,1984,,2021/11/22,to-read,to-read (#7),to-read,,,,0,,,0,,,,,,"teenage boys~fiction, psychological~serial murders, fiction~protected daisy~fathers and sons~psychopaths~fathers and sons, fiction~modern fiction~fiction~scotland, fiction~serial murders~murderers~accessible book~cauldhame, frank (fictitious character), fiction"
22285,Rant,Chuck Palahniuk,"Palahniuk, Chuck",,"=""0385517874""","=""9780385517874""",0,3.83,Doubleday Books,Hardcover,320,2007,2007,,2021/11/22,to-read,to-read (#6),to-read,,,,0,,,0,,,,,,"fiction, general~protected daisy~fiction~open library staff picks~accessible book~demolition derbies"
30013,Prelude to Foundation,Isaac Asimov,"Asimov, Isaac",,"=""""","=""""",4,4.14,Voyager,Paperback,464,1994,1988,,2021/11/22,,,read,,,,1,,,0,,,,,,
37588679,Eight Dates: Essential Conversations for a Lifetime of Love,John M. Gottman,"Gottman, John M.","約翰·高特曼, Douglas Carlton Abrams, 陳岡伯","=""1523504463""","=""9781523504466""",0,4.21,Workman Publishing Company,Hardcover,224,2019,2019,,2021/11/22,currently-reading,currently-reading (#1),currently-reading,,,,1,,,0,,,,,,"""~="
44439415,"God Emperor of Dune (Dune Chronicles, #4)",Frank Herbert,"Herbert, Frank",Brian Herbert,"=""0593098250""","=""9780593098257""",0,3.87,Ace Books,Paperback,587,2019,1981,,2021/11/22,,,read,,,,1,,,0,,,,,,"dune (imaginary place), fiction~science fiction~protected daisy~dune (imaginary place)~fiction, science fiction, general~français (langue)~fiction~science-fiction~roman~littérature fantastique~lectures et morceaux choisis~accessible book~american science fiction"
44492286,"Children of Dune (Dune Chronicles, #3)",Frank Herbert,"Herbert, Frank",Brian Herbert,"=""0593098242""","=""9780593098240""",0,3.95,Ace Books,Paperback,609,2019,1976,,2021/11/22,,,read,,,,1,,,0,,,,,,"dune (imaginary place), fiction~science fiction~reading level-grade 8~protected daisy~dune (imaginary place)~fiction, science fiction, general~reading level-grade 7~reading level-grade 9~reading level-grade 11~reading level-grade 12~fiction~fiction, fantasy, general~accessible book~fiction in english~reading level-grade 10~american science fiction"
44492285,"Dune Messiah (Dune Chronicles, #2)",Frank Herbert,"Herbert, Frank",Brian Herbert,"=""0593098234""","=""9780593098233""",5,3.89,Ace Books,Mass Market Paperback,337,2019,1969,,2021/11/22,,,read,,,,1,,,0,,,,,,"dune (imaginary place), fiction~dune (imaginary place)~fiction~roman américain~roman ame ricain~translations into russian~science-fiction américaine~fiction, science fiction, general~novela~imaginary places~science-fiction ame ricaine~lectures et morceaux choisis~anglais (langue)~american science fiction~protected daisy~dune (lugar imaginario)~science fiction~long now manual for civilization~accessible book~fiction in english"
44767458,"Dune (Dune, #1)",Frank Herbert,"Herbert, Frank",,"=""059309932X""","=""9780593099322""",5,4.25,Ace Books,Hardcover,658,2019,1965,,2021/11/22,,,read,,,,1,,,0,,,,,,"dune (imaginary place), fiction~science fiction~nyt:trade-fiction-paperback=2021-11-07~dune (imaginary place)~fiction, science fiction, general~award:hugo_award=novel~nyt:mass-market-monthly=2021-11-07~american literature~award:nebula_award=novel~fiction~new york times reviewed~science-fiction~new york times bestseller~award:hugo_award=1966~accessible book~hugo award winner"
127455,"The Lies of Locke Lamora (Gentleman Bastard, #1)",Scott Lynch,"Lynch, Scott",,"=""0553804677""","=""9780553804676""",5,4.28,Bantam Spectra,Hardcover,499,2006,2006,,2020/06/20,,,read,,,,1,,,0,,,,,,"protected daisy~fantasy~fiction~fiction / fantasy / epic~fiction, fantasy, general~american science fiction and fantasy~fantasy - epic~accessible book~fiction - fantasy"
17349126,Focus: The Hidden Driver of Excellence,Daniel Goleman,"Goleman, Daniel",,"=""0062114867""","=""9780062114860""",0,3.54,Harper,Hardcover,320,2013,2013,,2021/07/14,,,read,,,,1,,,0,,,,,,
10799,A Farewell to Arms,Ernest Hemingway,"Hemingway, Ernest",,"=""0099910101""","=""9780099910107""",5,3.81,Arrow Books,Paperback,293,2004,1929,2021/05/26,2021/05/24,,,read,,,,1,,,0,,,,,,"man-woman relationships~military deserters~open_syllabus_project~fiction~world war, 1914-1918, fiction~war~spain, fiction~american writers, 1900-1945 - texts~biography~american literature~open library staff picks~american fiction (fictional works by one author)~lectures et morceaux choisis~guerra mundial i, 1914-1918~cuentos de guerra~fiction, war & military~protected daisy~1914-1918 world war~fiction, historical~français (langue)~national theatre (new york, n.y. : houston street and 2nd avenue)~world war (1914-1918) fast (ocolc)fst01180746~war stories~ficción~campaigns~actors~american fiction~fiction, romance, historical~world war, 1914-1918~man-woman relationship~large type books~fiction in english~american war stories~accessible book~german language materials~theater~autographs"
929,Memoirs of a Geisha,Arthur Golden,"Golden, Arthur",,"=""1400096898""","=""9781400096893""",0,4.13,Vintage Books USA,Mass Market Paperback,503,2005,1997,,2021/05/24,,,read,,,,1,,,0,,,,,,"geishas~fiction~japan, fiction~fiction, historical, general~historical fiction~history~historia~literature~social life and customs~prostitution~open library staff picks~mujeres~protected daisy~fiction, historical~japan~women~ficción~fictional works publication type~accessible book~large type books"
5203,She's Come Undone,Wally Lamb,"Lamb, Wally",,"=""0671021001""","=""9780671021009""",4,3.89,Pocket,Mass Market Paperback,465,1998,1992,,2021/05/24,,,read,,,,1,,,0,,,,,,protected daisy~self-perception~fiction~overweight women~accessible book~psychology~women~large type books
7672,Congo,Michael Crichton,"Crichton, Michael",,"=""0060541830""","=""9780060541835""",4,3.61,Avon Books,Paperback,442,2003,1980,,2021/05/24,,,read,,,,1,,,0,,,,,,"fiction, thrillers~fiction~archaeology~fiction, thrillers, general~gorilla~horror stories~kakundakari~diamonds~africa, fiction~american science fiction~fiction, mystery & detective, general~protected daisy~thrillers~type iib~adventure fiction~science fiction~ancient civilization~accessible book~large type books~adventure stories"
1967070,Coraline,P. Craig Russell,"Russell, P. Craig",Neil Gaiman,"=""006082543X""","=""9780060825430""",4,4.04,HarperAlley,Hardcover,192,2008,2002,,2021/05/24,,,read,,,,1,,,0,,,,,,"sobrenatural~supernatural~graphic novels~spanish language materials~protected daisy~fiction~libros de caricaturas, tiras cómicas~juvenile literature~horror stories~ficción juvenil~accessible book~comic books, strips"
12067,"Good Omens: The Nice and Accurate Prophecies of Agnes Nutter, Witch",Terry Pratchett,"Pratchett, Terry",Neil Gaiman,"=""""","=""""",5,4.24,William Morrow,Mass Market Paperback,491,2006,1990,,2021/05/24,,,read,,,,1,,,0,,,,,,
43190272,"To Be Taught, If Fortunate",Becky Chambers,"Chambers, Becky",,"=""0062936018""","=""9780062936011""",5,4.21,Harper Voyager,Paperback,153,2019,2019,,2021/05/24,,,read,,,,1,,,0,,,,,,"fiction, science fiction, general~science fiction~american literature~fiction"
33280160,What We Lose,Zinzi Clemmons,"Clemmons, Zinzi",,"=""0735221715""","=""9780735221710""",4,3.62,Viking,Hardcover,213,2017,2017,,2021/05/24,,,read,,,,1,,,0,,,,,,"african americans, fiction~protected daisy~african american women~fiction, family life~loss (psychology)~mothers and daughters~fiction~accessible book~large type books~fiction, african american, general~mothers and daughters, fiction"
40611463,The Clan of the Cave Bear (Earth's Children #1),Jean M. Auel,"Auel, Jean M.",,"=""""","=""""",5,4.07,Bantam ,Kindle Edition,516,2016,1980,,2021/05/24,,,read,,,,1,,,0,,,,,,
32622432,A Gift of Time,Jerry Merritt,"Merritt, Jerry",,"=""""","=""""",4,4.16,,Kindle Edition,353,2016,2016,,2021/05/24,,,read,,,,1,,,0,,,,,,
28921,The Remains of the Day,Kazuo Ishiguro,"Ishiguro, Kazuo",,"=""""","=""""",4,4.14,Faber & Faber,Paperback,258,2005,1989,,2021/05/24,,,read,,,,1,,,0,,,,,,
18774964,A Man Called Ove,Fredrik Backman,"Backman, Fredrik",Henning Koch,"=""1476738017""","=""9781476738017""",5,4.36,Atria Books,Hardcover,337,2014,2012,,2021/05/24,,,read,,,,1,,,0,,,,,,"friendship, fiction~neighborhoods~novel~translation~protected daisy~fiction, humorous, general~friendship~fiction~fiction, humorous~nyt:e-book-fiction=2016-10-30~new york times bestseller~neighbors~older men~accessible book~love"
386372,"Mort (Discworld, #4; Death, #1)",Terry Pratchett,"Pratchett, Terry",,"=""0061020680""","=""9780061020681""",4,4.22,Harpertorch,Mass Market Paperback,243,2001,1987,,2021/01/07,,,read,,,,1,,,0,,,,,,"death~literature and fiction, fantasy~protected daisy~humor~fiction, humorous, general~fantasy~fiction~anthropomorphic.~fiction, humorous~discworld (imaginary place), fiction~fiction, fantasy, general~accessible book~discworld (imaginary place)~satire~death (fictitious character : pratchett), fiction"
34507,"Equal Rites (Discworld, #3; Witches, #1)",Terry Pratchett,"Pratchett, Terry",,"=""0060855908""","=""9780060855901""",5,4.03,Harper Perennial,Paperback,240,2005,1987,,2021/01/05,,,read,,,,1,,,0,,,,,,"margaret a. edwards award~fiction, humorous, general~fiction~discworld (imaginary place), fiction~fiction, fantasy, general~discworld (imaginary place)~literature and fiction, fantasy~fiction, science fiction, general~fiction, satire~fantasy fiction~protected daisy~fantasy~fiction, humorous~science fiction~english fantasy fiction~translations into spanish~wizards~translations from english~accessible book~granny weatherwax (fictitious character), fiction~samuel vimes (fictitious character)~spanish fantasy fiction"
34506,"The Light Fantastic (Discworld, #2; Rincewind #2)",Terry Pratchett,"Pratchett, Terry",,"=""0061020702""","=""9780061020704""",4,3.98,HarperTorch,Mass Market Paperback,277,2000,1986,,2021/01/02,,,read,,,,1,,,0,,,,,,"literature and fiction, fantasy~protected daisy~fiction, humorous, general~fantasy~fiction~fiction, humorous~discworld (imaginary place), fiction~fiction, fantasy, general~accessible book~discworld (imaginary place)~samuel vimes (fictitious character)~rincewind the wizard (fictitious character), fiction"
34497,"The Color of Magic (Discworld, #1; Rincewind, #1)",Terry Pratchett,"Pratchett, Terry",,"=""0060855924""","=""9780060855925""",4,3.99,Harper,Paperback,228,2005,1983,,2021/01/02,,,read,,,,1,,,0,,,,,,
22544764,Uprooted,Naomi Novik,"Novik, Naomi",,"=""0804179034""","=""9780804179034""",4,4.05,Del Rey,Hardcover,438,2015,2015,,2020/12/30,,,read,,,,1,,,0,,,,,,"protected daisy~friendship~award:nebula_award=novel~wizards~fiction~fiction / fantasy / epic~fiction, fantasy, general~accessible book~fiction / adventure~fiction / romance / fantasy~young women"
2122,The Fountainhead,Ayn Rand,"Rand, Ayn",Leonard Peikoff,"=""""","=""""",5,3.88,Signet Book,Mass Market Paperback,704,1996,1943,,2020/12/18,,,read,,,,1,,,0,,,,,,
22673,A New Guide to Rational Living,Albert Ellis,"Ellis, Albert","Melvin Powers, Robert A. Harper","=""""","=""""",0,4.06,Wilshire Book Company,Paperback,233,1975,1961,,2020/11/09,to-read,to-read (#5),to-read,,,,0,,,0,,,,,,
294035,Frames of Mind: The Theory of Multiple Intelligences,Howard Gardner,"Gardner, Howard",,"=""0465025102""","=""9780465025107""",0,4.01,Basic Books,Paperback,496,1993,1983,,2020/11/06,to-read,to-read (#4),to-read,,,,0,,,0,,,,,,"""~="
18872437,The Millionaire Fastlane: Crack the Code to Wealth and Live Rich for a Lifetime!,M.J. DeMarco,"DeMarco, M.J.",,"=""0984358102""","=""9780984358106""",0,4.3,Viperion Publishing Corp,Paperback,322,2011,2010,2020/11/05,2020/11/05,,,read,,,,1,,,0,,,,,,"""~="
38099642,"Holy Sister (Book of the Ancestor, #3)",Mark  Lawrence,"Lawrence, Mark",,"=""0008152403""","=""9780008152406""",5,4.33,Harper Voyager,Paperback,352,2019,2019,,2020/07/18,,,read,,,,1,,,0,,,,,,"fiction, action & adventure~american literature~fiction, fantasy, general~fiction, fantasy, epic~fiction, fantasy, dark fantasy"
35530652,"Grey Sister (Book of the Ancestor, #2)",Mark  Lawrence,"Lawrence, Mark",,"=""0008152349""","=""9780008152345""",5,4.39,Ace,Hardcover,416,2018,2018,,2020/07/14,,,read,,,,1,,,0,,,,,,"convents~fiction, fantasy, epic~fiction~assassins"
25895524,"Red Sister (Book of the Ancestor, #1)",Mark  Lawrence,"Lawrence, Mark",,"=""1101988851""","=""9781101988855""",5,4.16,Ace,Hardcover,467,2017,2017,,2020/07/01,,,read,,,,1,,,0,,,,,,"convents~fiction, fantasy, general~fiction~assassins"
13578175,The Emperor's Soul,Brandon Sanderson,"Sanderson, Brandon",,"=""1616960922""","=""9781616960926""",4,4.35,Tachyon Publications,Paperback,175,2012,2012,,2020/07/01,,,read,,,,1,,,0,,,,,,"fiction, fantasy, general~fiction~forgers~forgery"
68418,"The Dark Elf Trilogy Collector's Edition (Forgotten Realms: Dark Elf Trilogy, #1-3; Legend of Drizzt, #1-3)",R.A. Salvatore,"Salvatore, R.A.",,"=""0786915889""","=""9780786915880""",4,4.35,Wizards of the Coast,Paperback,808,2000,1995,,2020/06/20,,,read,,,,1,,,0,,,,,,
66693,"The Crystal Shard (Forgotten Realms: Icewind Dale, #1; Legend of Drizzt, #4)",R.A. Salvatore,"Salvatore, R.A.",,"=""0786942460""","=""9780786942466""",4,4.11,Wizards of the Coast,Mass Market Paperback,344,2007,1988,2020/07/01,2020/06/28,,,read,,,,1,,,0,,,,,,"goblins~orcs~american fantasy~fiction~war~fiction, fantasy, general~american authors~epic fantasy~epic~open library staff picks~protected daisy~fantasy~adventure~magical thinking~dungeons & dragons~epic fiction~artemis entrei (fictitious character)~dwarfs~elves~forgotten realms (imaginary place)~drow~drizzt do'urden (fictitious character)~wizards~sorcery~magic~american fiction~accessible book"
66695,"Sojourn (Forgotten Realms: The Dark Elf Trilogy, #3; Legend of Drizzt, #3)",R.A. Salvatore,"Salvatore, R.A.",,"=""1560760478""","=""9781560760474""",4,4.2,Wizards of the Coast,Mass Market Paperback,309,1999,1991,,2020/06/28,,,read,,,,1,,,0,,,,,,"forgotten realms (imaginary place)~protected daisy~drizzt do'urden (fictitious character)~fantasy~fiction~fiction, fantasy, general~accessible book"
66678,"Exile (Forgotten Realms: The Dark Elf Trilogy, #2; Legend of Drizzt, #2)",R.A. Salvatore,"Salvatore, R.A.",,"=""0786939834""","=""9780786939831""",4,4.21,Wizards of the Coast,Mass Market Paperback,343,2006,1990,,2020/06/28,,,read,,,,1,,,0,,,,,,"forgotten realms (imaginary place)~protected daisy~drizzt do'urden (fictitious character)~fantasy~fiction~fiction, fantasy, general~accessible book"
50027,"Homeland (Forgotten Realms: The Dark Elf Trilogy, #1; Legend of Drizzt, #1)",R.A. Salvatore,"Salvatore, R.A.",,"=""""","=""""",4,4.25,Wizards of the Coast,Mass Market Paperback,343,2005,1990,,2020/06/28,,,read,,,,1,,,0,,,,,,
30841984,"Kings of the Wyld (The Band, #1)",Nicholas Eames,"Eames, Nicholas",,"=""0316362476""","=""9780316362474""",0,4.29,Orbit,Paperback,502,2017,2017,,2020/06/20,to-read,to-read (#3),to-read,,,,0,,,0,,,,,,"protected daisy~fiction~accessible book~mercenary troops~fiction, fantasy, epic"
4345290,"The Crown Conspiracy (The Riyria Revelations, #1)",Michael J. Sullivan,"Sullivan, Michael J.",,"=""0980003431""","=""9780980003437""",5,4.19,Aspirations Media Inc,Paperback,296,2008,2008,,2020/06/20,,,read,,,,1,,,0,,,,,,
618177,"Legend (The Drenai Saga, #1)",David Gemmell,"Gemmell, David",,"=""""","=""""",4,4.27,Ballantine Books,Mass Market Paperback,345,1994,1984,2020/06/20,2020/06/18,,,read,,,,1,,,0,,,,,,
11100431,"Heir of Novron (The Riyria Revelations, #5-6)",Michael J. Sullivan,"Sullivan, Michael J.",,"=""0316187712""","=""9780316187718""",0,4.49,Orbit,Paperback,932,2012,2012,,2020/06/18,,,read,,,,1,,,0,,,,,,"fiction, fantasy, general"
10790277,"Rise of Empire (The Riyria Revelations, #3-4)",Michael J. Sullivan,"Sullivan, Michael J.",,"=""0316187704""","=""9780316187701""",5,4.37,Orbit,Paperback,786,2011,2010,,2020/06/13,,,read,,,,1,,,0,,,,,,"fiction, fantasy, general"
10790290,"Theft of Swords (The Riyria Revelations, #1-2)",Michael J. Sullivan,"Sullivan, Michael J.",,"=""0316187747""","=""9780316187749""",5,4.2,Orbit,Paperback,649,2011,2011,,2020/06/13,,,read,,,,1,,,0,,,,,,
17163514,"The Rose and the Thorn (The Riyria Chronicles, #2)",Michael J. Sullivan,"Sullivan, Michael J.",,"=""0356502287""","=""9780356502281""",4,4.4,Orbit,Paperback,347,2013,2013,,2020/06/13,,,read,,,,1,,,0,,,,,,"fiction, fantasy, general"
16043804,"The Crown Tower (The Riyria Chronicles, #1)",Michael J. Sullivan,"Sullivan, Michael J.",,"=""031624371X""","=""9780316243711""",4,4.33,Orbit ,Paperback,384,2013,2013,,2020/05/25,,,read,,,,1,,,0,,,,,,"fiction, fantasy, general"
15985373,"Emperor of Thorns (The Broken Empire, #3)",Mark  Lawrence,"Lawrence, Mark",,"=""0425256855""","=""9780425256855""",5,4.24,Ace,Hardcover,434,2013,2013,,2020/05/10,,,read,,,,1,,,0,,,,,,"kings and rulers~protected daisy~wizards~fiction~magic~fiction, fantasy, general~accessible book"
12891107,"King of Thorns (The Broken Empire, #2)",Mark  Lawrence,"Lawrence, Mark",,"=""1937007472""","=""9781937007478""",4,4.19,Ace Books,Hardcover,449,2012,2012,,2020/05/05,,,read,,,,1,,,0,,,,,,"protected daisy~princes~fiction~fiction, fantasy, general~accessible book~revenge"
9579634,"Prince of Thorns (The Broken Empire, #1)",Mark  Lawrence,"Lawrence, Mark",,"=""0007423292""","=""9780007423293""",4,3.85,Voyager,Hardcover,373,2011,2011,,2020/05/01,,,read,,,,1,,,0,,,,,,"fiction, fantasy, general~princes~fiction~revenge"
14201,Jonathan Strange & Mr Norrell,Susanna Clarke,"Clarke, Susanna",,"=""""","=""""",0,3.84,Tor Books,Paperback,1006,2006,2004,,2020/05/01,,,read,,,,1,,,0,,,,,,
55399,"Gardens of the Moon (Malazan Book of the Fallen, #1)",Steven Erikson,"Erikson, Steven",,"=""0765348780""","=""9780765348784""",4,3.9,Tor Books,Mass Market Paperback,657,2005,1999,,2020/01/11,,,read,,,,1,,,0,,,,,,fantasy~accessible book~fiction~protected daisy
18116,His Dark Materials (His Dark Materials #1-3),Philip Pullman,"Pullman, Philip",,"=""0440238609""","=""9780440238607""",5,4.27,Laurel Leaf Library,Mass Market Paperback,1088,2003,2000,,2019/12/22,,,read,,,,1,,,0,,,,,,"english drama~drama~fiction~children's stories, english~general~new york times reviewed~kidnapping~fantasy & magic~drama texts: from c 1900 -~missing persons~american~plays / drama~experimental psychobiology~action & adventure~fantasy fiction~protected daisy~juvenile fiction~fantasy~self-esteem & self-reliance~children's plays~adaptations~non-classifiable~experiments~good and evil~belacqua, lyra (fictitious character), fiction~social themes~magic~accessible book~drama / general~children's fiction~plays"
44687,"Enchanters' End Game (The Belgariad, #5)",David Eddings,"Eddings, David",,"=""0345300785""","=""9780345300782""",0,4.17,Ballantine Books (Mm),Mass Market Paperback,384,1984,1984,,2019/12/22,,,read,,,,1,,,0,,,,,,accessible book~protected daisy
645023,"Castle of Wizardry (The Belgariad, #4)",David Eddings,"Eddings, David",,"=""0345335708""","=""9780345335708""",0,4.15,Del Rey,Mass Market Paperback,375,1984,1984,,2019/12/22,,,read,,,,1,,,0,,,,,,"fantasy fiction~protected daisy~garion (fictitious character), fiction~quests (expeditions)~fantasy~wizards~fiction~magic~witchcraft~accessible book~fiction, fantasy, epic"
44688,"Magician's Gambit (The Belgariad, #3)",David Eddings,"Eddings, David",,"=""0345335457""","=""9780345335456""",0,4.13,Del Rey,Mass Market Paperback,305,1983,1983,,2019/12/22,,,read,,,,1,,,0,,,,,,"fantastic fiction~protected daisy~garion (fictitious character), fiction~quests (expeditions)~fantasy~wizards~fiction~magic~fiction, fantasy, epic~fiction, fantasy, general~accessible book~imaginary places~imaginary wars and battles~theft"
587582,"Queen of Sorcery (The Belgariad, #2)",David Eddings,"Eddings, David",,"=""0345335651""","=""9780345335654""",5,4.13,Del Rey,Mass Market Paperback,326,1982,1982,,2019/12/12,,,read,,,,1,,,0,,,,,,"protected daisy~garion (fictitious character), fiction~quests (expeditions)~fantasy~wizards~fiction~magic~fiction, fantasy, general~accessible book~goddesses~gods~fiction, fantasy, epic"
44659,"Pawn of Prophecy (The Belgariad, #1)",David Eddings,"Eddings, David",,"=""0345468643""","=""9780345468642""",4,4.15,Del Rey Books,Paperback,290,2004,1982,,2019/12/12,,,read,,,,1,,,0,,,,,,"literature~buildungsroman~fantasy fiction~good and evil~garion (fictitious character), fiction~high fantasy~juvenile fiction~protected daisy~fiction~magic~fiction, fantasy, general~accessible book~fiction, fantasy, epic~heroes"
15767706,Mr Happy and the Hammer of God,Martin Egblewogbe,"Egblewogbe, Martin",,"=""9789988117""","=""""",4,4.11,,Paperback,126,2008,2008,,2017/08/25,,,read,,,,1,,,0,,,,,,"fiction, general"
92121,Nine Princes in Amber (The Chronicles of Amber #1),Roger Zelazny,"Zelazny, Roger",Tim          White,"=""0380014300""","=""9780380014309""",0,4.06,Avon,Mass Market Paperback,175,1986,1970,,2019/11/03,,,read,,,,1,,,0,,,,,,"amber (imaginary place), fiction~parallel worlds~protected daisy~reading level-grade 11~fiction, science fiction, general~fantasy~reading level-grade 12~fiction~amber (imaginary place)~corwin (fictitious character : zelazny), fiction~accessible book~large type books~reading level-grade 10"
18122,"The Amber Spyglass (His Dark Materials, #3)",Philip Pullman,"Pullman, Philip",,"=""0440238153""","=""9780440238157""",5,4.09,Laurel Leaf,Mass Market Paperback,465,2003,2000,,2019/07/27,,,read,,,,1,,,0,,,,,,"traducciones al español~quests (expeditions)~reading level-grade 12~fiction~lugares imaginarios~fiction, fantasy, general~witches~niños~kidnapping~novela fantástica~reading level-grade 11~missing persons~magia~imaginary places~familiars (spirits)~demonology~novela fantástica inglesa~belacqua, lyra (personaje literario)~fantasy fiction~protected daisy~juvenile fiction~fantasy~will parry (fictitious character)~children~parry, will (personaje literario)~experiments~bien y mal~science fiction~science fiction, fantasy, horror~young adult fiction~good and evil~belacqua, lyra (fictitious character), fiction~magic~lyra belacqua (fictitious character)~ficción juvenil~accessible book~large type books~children's fiction"
41637836,"The Subtle Knife (His Dark Materials, #2)",Philip Pullman,"Pullman, Philip",,"=""""","=""""",5,4.14,RHCP Digital,Kindle Edition,370,2018,1997,,2019/07/25,,,read,,,,1,,,0,,,,,,
119322,"The Golden Compass (His Dark Materials, #1)",Philip Pullman,"Pullman, Philip",,"=""0679879242""","=""9780679879244""",4,4.0,Alfred A. Knopf Books for Young Readers,Hardcover,399,1996,1995,,2019/07/25,,,read,,,,1,,,0,,,,,,"comic books, strips, etc.~adventure and adventurers, fiction~fantasy fiction"
34728667,"Children of Blood and Bone (Legacy of Orïsha, #1)",Tomi Adeyemi,"Adeyemi, Tomi",,"=""1250170974""","=""9781250170972""",3,4.1,Henry Holt Company,Hardcover,544,2018,2018,,2019/07/17,,,read,,,,1,,,0,,,,,,"fantasy fiction~magic, fiction~fantasy~sci-fi~children's fiction~young adult"
16096968,"The Core (The Demon Cycle, #5)",Peter V. Brett,"Brett, Peter V.",,"=""0345531507""","=""9780345531506""",5,4.17,Del Rey,Hardcover,781,2017,2017,,2019/07/05,,,read,,,,1,,,0,,,,,,"fiction, fantasy, general~demonology~fiction, fantasy, epic~fiction"
13630171,"The Skull Throne (Demon Cycle, #4)",Peter V. Brett,"Brett, Peter V.",,"=""0345531485""","=""9780345531483""",5,4.14,Del Rey,Hardcover,681,2015,2015,,2019/06/29,,,read,,,,1,,,0,,,,,,"fiction / action & adventure~protected daisy~fiction / science fiction / adventure~fiction / fantasy / epic~fiction~magic~fiction, fantasy, general~new york times bestseller~accessible book~nyt:hardcover-fiction=2015-04-19~demonology"
9268487,"The Daylight War (Demon Cycle, #3)",Peter V. Brett,"Brett, Peter V.",,"=""0345503821""","=""9780345503824""",5,4.21,Random House Del Ray,Hardcover,639,2013,2013,,2019/06/26,,,read,,,,1,,,0,,,,,,"protected daisy~fiction~fiction, fantasy, general~accessible book~demonology"
6736971,"The Desert Spear (Demon Cycle, #2)",Peter V. Brett,"Brett, Peter V.",,"=""0345503813""","=""9780345503817""",5,4.2,Del Rey,Hardcover,579,2010,2010,,2019/06/22,,,read,,,,1,,,0,,,,,,"protected daisy~fantasy~fiction~fiction, fantasy, general~messiah~accessible book~pseudo-messiahs~demonology"
3322866,"The Painted Man (Demon Cycle, #1)",Peter V. Brett,"Brett, Peter V.",,"=""0007287755""","=""9780007287758""",5,4.24,Harper Voyager,ebook,416,2009,2008,,2019/06/22,,,read,,,,1,,,0,,,,,,"fiction, fantasy, paranormal~protected daisy~fantasy~fiction~magic~fiction, fantasy, general~accessible book~demonology~fiction, fantasy, epic"
13569581,"Blood Song (Raven's Shadow, #1)",Anthony Ryan,"Ryan, Anthony",,"=""""","=""""",5,4.4,Anthony  Ryan,Kindle Edition,591,2012,2011,,2017/10/25,,,read,,,,1,,,0,,,,,,
34311452,"Year One (Chronicles of The One, #1)",Nora Roberts,"Roberts, Nora",,"=""1250122953""","=""9781250122957""",4,4.03,St. Martin's Press,Hardcover,419,2017,2017,,2019/06/03,,,read,,,,1,,,0,,,,,,"survival~epidemics~good and evil~nyt:hardcover-fiction=2017-12-24~compact discs~protected daisy~fantasy~suspense / thriller~fiction~magic~fiction, dystopian~fiction / fantasy / epic~new york times bestseller~fiction / thrillers / suspense~accessible book~large type books~fiction, fantasy, epic"
944076,"Last Argument of Kings (The First Law, #3)",Joe Abercrombie,"Abercrombie, Joe",,"=""0575077905""","=""9780575077904""",5,4.3,Gollancz,Trade Paperback,536,2008,2008,,2019/06/03,,,read,,,,1,,,0,,,,,,"fiction, war & military~protected daisy~fiction, fantasy, historical~fiction, fantasy, general~accessible book"
75479,The End of Alice,A.M. Homes,"Homes, A.M.",,"=""0684827107""","=""9780684827100""",0,3.58,Scribner,Paperback,272,1997,1996,,2019/05/25,,,read,,,,1,,,0,,,,,,prisoners~fiction~murderers~child molesters
902715,"Before They Are Hanged (The First Law, #2)",Joe Abercrombie,"Abercrombie, Joe",,"=""0575077883""","=""9780575077881""",4,4.31,Gollancz,Trade Paperback,441,2007,2007,,2019/05/24,,,read,,,,1,,,0,,,,,,"fiction, war & military~protected daisy~fiction, action & adventure~fiction, fantasy, general~accessible book~fiction, fantasy, epic"
944073,"The Blade Itself (The First Law, #1)",Joe Abercrombie,"Abercrombie, Joe",,"=""0575079797""","=""9780575079793""",4,4.18,Gollancz,Paperback,515,2007,2006,,2019/05/14,,,read,,,,1,,,0,,,,,,"fantasy fiction~protected daisy~fantasy~fiction~fiction, fantasy, general~accessible book"
29396,"Furies of Calderon (Codex Alera, #1)",Jim Butcher,"Butcher, Jim",,"=""044101268X""","=""9780441012688""",0,4.12,Ace,Paperback,688,2005,2004,,2019/04/26,,,read,,,,1,,,0,,,,,,"succession~boys~kings and rulers~kings and rulers in fiction~protected daisy~juvenile fiction~fiction~magic~fiction, fantasy, general~accessible book~boys in fiction"
26887738,The Truth: An Uncomfortable Book About Relationships,Neil Strauss,"Strauss, Neil",,"=""0060898763""","=""9780060898762""",4,4.14,"Dey St. Books, an imprint of William Morrow Publishers",Hardcover,448,2015,2015,,2019/02/16,,,read,,,,1,,,0,,,,,,"""~="
18143977,All the Light We Cannot See,Anthony Doerr,"Doerr, Anthony",,"=""1476746583""","=""9781476746586""",3,4.32,Scribner,Hardcover,531,2014,2014,,2019/01/02,,,read,,,,1,,,0,,,,,,"germany, fiction~fathers and daughters~reading level-grade 12~fiction~fiction, historical, general~new york times reviewed~fiction / general~general~juventud~historical fiction~world war, 1939-1945~history~nyt:hardcover-fiction=2014-05-25~bildungsromans~amerikanisches englisch~historia~youth~tweede wereldoorlog~reading level-grade 11~novela~nyt:trade-fiction-paperback=2017-04-23~world war, 1939-1945, fiction~fiction / literary~reading level-grade 10~france, fiction~nyt:e-book-fiction=2014-06-08~people with disabilities~protected daisy~fiction / historical~fiction, historical~guerra mundial ii, 1939-1945~ciegos~friendship~18.06 anglo-american literature~children~new york times bestseller~historical~survival~reading level-grade 9~american fiction~roman~berliner mauer~blind~accessible book~large type books~novela histórica~literary"
43448,"Flowers in the Attic (Dollanganger, #1)",V.C. Andrews,"Andrews, V.C.",,"=""0743496310""","=""9780743496315""",4,3.83,Pocket Books,Paperback,389,1979,1979,,2018/12/28,,,read,,,,1,,,0,,,,,,"psychological fiction~grandparent and child~enfants~fiction~ficcion~abused children~series:dollanganger~incest~novela~abuso de niños~horror tales~abuelos~gothic fiction~social isolation~hermanos~child abuse~families~protected daisy~inheritance and succession~fiction, horror~doughnuts~brothers and sisters~dollanger family (fictitious characters), fiction~children~niños maltratados~grandparents~health and hygiene~american fiction~romans~accessible book~large type books~fiction in english"
69571,"Rich Dad, Poor Dad",Robert T. Kiyosaki,"Kiyosaki, Robert T.",Sharon L. Lechter,"=""0751532711""","=""9780751532715""",0,4.11,Time Warner Books UK,Paperback,195,2007,1997,,2018/12/16,,,read,,,,1,,,0,,,,,,"spanish language materials~protected daisy~financial security~personal finance~inversiones~ricos~success~financiering~rich people~riqueza~hacienda privada~accessible book~finance, personal~finanzas personales~investments~huishoudingen"
10357575,1Q84 (1Q84 #1-3),Haruki Murakami,"Murakami, Haruki","Jay Rubin, Philip Gabriel","=""0307593312""","=""9780307593313""",0,3.93,Knopf,Hardcover,925,2011,2009,,2018/12/16,,,read,,,,2,,,0,,,,,,"magical realism~man-woman relationships~asesinos~dystopian~fiction~maestros universitarios~japanese fiction~asesinato~autores~authors~new york times reviewed~general~novelists~new list 20111231~translations into portuguese~relaciones hombre-mujer~tokyo (japan), fiction~japanese literature~teachers~protected daisy~new york times bestseller~near and far eastern fiction (fictional works by one author)~detective and mystery stories~chang pian xiao shuo~college teachers~alternative reality~ficción~assassination~assassins~translations into chinese~nyt:hardcover_fiction=2011-12-31~man-woman relationship~accessible book~literary"
14497,"Neverwhere (London Below, #1)",Neil Gaiman,"Gaiman, Neil",,"=""0060557818""","=""9780060557812""",0,4.17,William Morrow Paperbacks,Paperback,370,2003,1996,,2018/12/16,,,read,,,,1,,,0,,,,,,"rats~underground areas~fiction~underground homeless persons~fiction, fantasy, general~businessmen~london (england), fiction~fiction / literary~london below~fantasy fiction~protected daisy~fiction, horror~subways~fantasy~new york times bestseller~fiction / fantasy / contemporary~fiction, fantasy, contemporary~nyt:e-book-fiction=2012-03-04~accessible book~fiction / fantasy / urban life"
31684925,Chemistry,Weike Wang,"Wang, Weike",,"=""""","=""""",0,3.73,Knopf,Kindle Edition,224,2017,2017,,2018/11/20,,,read,,,,1,,,0,,,,,,
4929,Kafka on the Shore,Haruki Murakami,"Murakami, Haruki",Philip Gabriel,"=""1400079276""","=""9781400079278""",4,4.14,Vintage International,Paperback,467,2006,2002,,2018/10/15,,,read,,,,1,,,0,,,,,,
11297,Norwegian Wood,Haruki Murakami,"Murakami, Haruki",Jay Rubin,"=""0375704027""","=""9780375704024""",0,4.03,Vintage Books,Paperback,296,2000,1987,,2018/10/10,,,read,,,,1,,,0,,,,,,
77197,"Assassin's Apprentice (Farseer Trilogy, #1)",Robin Hobb,"Hobb, Robin",,"=""055357339X""","=""9780553573398""",0,4.16,Spectra Books,Mass Market Paperback,435,1996,1995,,2018/09/22,,,read,,,,1,,,0,,,,,,"the realm of the elderlings~fantasy fiction~protected daisy~fantasy~fiction~the farseer trilogy~assassins~fiction, fantasy, general~ke xue huan xiang xiao shuo~accessible book~fiction, fantasy, epic"
178476,"Slave to Sensation (Psy-Changeling, #1)",Nalini Singh,"Singh, Nalini",,"=""""","=""""",0,4.09,Berkley Sensation,Mass Market Paperback,334,2006,2006,,2018/09/22,,,read,,,,1,,,0,,,,,,
20504754,"Transcendence (Transcendence, #1)",Shay Savage,"Savage, Shay",,"=""""","=""""",0,4.07,"Shay Savage, LLC",Kindle Edition,312,2014,2014,,2018/09/15,,,read,,,,1,,,0,,,,,,
28220,The Fermata,Nicholson Baker,"Baker, Nicholson",,"=""0099466929""","=""9780099466925""",0,3.67,Vintage,Paperback,320,2004,1994,,2018/09/15,,,read,,,,1,,,0,,,,,,"new york times reviewed~protected daisy~accessible book~fiction, general"
11039009,The Granta Book of the African Short Story,Helon Habila,"Habila, Helon","Fatou Diome, Laila Lalami, Rachida el-Charni, E.C. Osondu, Doreen Baingana, Alain Mabanckou, Aminatta Forna, Leila Aboulela, Yvonne Vera, George Makana Clark, Mansoura Ez-Eldin, Ivan Vladislavić, Alaa Al Aswany, Ungulani Ba Ka Khosa, Milly Jafta, Dambudzo Marechera, Zoë Wicomb, Abdulrazak Gurnah, Manuel Rui, Camara Laye, Alex la Guma, Olufemi Terry, Brian Chikwava, Henrietta Rose-Innes, Uwem Akpan, Binyavanga Wainaina, Patrice Nganang, Maaza Mengiste, Chimamanda Ngozi Adichie","=""1847082475""","=""9781847082473""",0,3.9,Granta Books,Hardcover,344,2012,2011,,2018/08/16,,,read,,,,1,,,0,,,,,,social life and customs~fiction
82962,Going Down River Road,Meja Mwangi,"Mwangi, Meja",,"=""0435901761""","=""9780435901769""",0,3.99,Heinemann Educational Books,Paperback,215,1976,1976,,2018/08/16,to-read,to-read (#2),to-read,,,,0,,,0,,,,,,fiction in english~accessible book~african fiction~fiction
341735,Replay,Ken Grimwood,"Grimwood, Ken",,"=""068816112X""","=""9780688161125""",3,4.15,William Morrow Paperbacks,Paperback,311,1998,1987,2018/08/14,2018/08/13,,,read,,,,1,,,0,,,,,,"fiction, science fiction, action & adventure~protected daisy~fiction, action & adventure~reincarnation~fiction~fiction, romance, fantasy~conduct of life~accessible book~large type books~time travel"
19161852,"The Fifth Season (The Broken Earth, #1)",N.K. Jemisin,"Jemisin, N.K.",,"=""""","=""""",0,4.32,Orbit,Paperback,468,2015,2015,2018/08/13,2018/08/12,,,read,,,,1,,,0,,,,,,
35066358,The First Fifteen Lives of Harry August,Claire North,"North, Claire",,"=""""","=""""",5,4.03,Redhook,Kindle Edition,417,2014,2014,,2018/08/12,,,read,,,,1,,,0,,,,,,
5587960,The Thing Around Your Neck,Chimamanda Ngozi Adichie,"Adichie, Chimamanda Ngozi",,"=""0307271072""","=""9780307271075""",0,4.24,Knopf,Hardcover,218,2009,2008,,2018/08/04,,,read,,,,1,,,0,,,,,,"literature~fiction, romance, collections & anthologies~protected daisy~nigeria, fiction~fiction~fiction, coming of age~new york times reviewed~kurzgeschichte~accessible book~fiction, short stories (single author)~nigeria in fiction~short stories, nigerian (english)"
531757,Tales of the Unexpected,Roald Dahl,"Dahl, Roald",,"=""""","=""""",0,3.96,Penguin,Paperback,282,1979,1979,,2018/08/04,to-read,to-read (#1),to-read,,,,0,,,0,,,,,,
5907,"The Hobbit, or There and Back Again",J.R.R. Tolkien,"Tolkien, J.R.R.","Douglas A. Anderson, Michael Hague, Jemima Catlin","=""""","=""""",4,4.28,Houghton Mifflin,Paperback,366,2002,1937,2018/01/05,2018/01/05,,,read,,,,1,,,0,,,,,,
666290,The Literary Lover: Great Stories of Passion and Romance,Larry Dark,"Dark, Larry",,"=""0140171649""","=""9780140171648""",5,3.67,Penguin Books,Paperback,384,1994,1993,,2017/12/20,,,read,,,,1,,,0,,,,,,"""~="
68428,"The Final Empire (Mistborn, #1)",Brandon Sanderson,"Sanderson, Brandon",,"=""""","=""9780765311788""",4,4.46,Tor Books,Hardcover,541,2006,2006,,2017/12/06,,,read,,,,1,,,0,,,,,,
228665,"The Eye of the World (The Wheel of Time, #1)",Robert Jordan,"Jordan, Robert",,"=""0812511816""","=""9780812511819""",4,4.18,Tor Books,Mass Market Paperback,814,1990,1990,2017/12/06,2017/10/25,,,read,,,,2,,,0,,,,,,"children's stories~reader recommended, 2001-02~american fantasy~fiction~fiction, fantasy, general~nyt:hardcover-graphic-books=2013-02-17~comic books, strips~comics & graphic novels, fantasy~monsters~fantasy fiction~fantasy~new york times bestseller~rand al'thor (fictitious character)~fiction, fantasy, epic~science fiction~rand al'thor (fictitious character), fiction~good and evil~al'thor rand (fictitious character)~accessible book~children's fiction~fantasy ."
18138189,"Tower Lord (Raven's Shadow, #2)",Anthony Ryan,"Ryan, Anthony",,"=""0425265625""","=""9780425265628""",5,4.17,Ace Hardcover,Hardcover,602,2014,2014,,2017/10/25,,,read,,,,1,,,0,,,,,,"fiction, fantasy, epic"
1215032,"The Wise Man's Fear (The Kingkiller Chronicle, #2)",Patrick Rothfuss,"Rothfuss, Patrick",,"=""0756404738""","=""9780756404734""",5,4.55,DAW Books,Hardcover,994,2011,2011,2017/10/04,2017/09/23,,,read,,,,1,,,0,,,,,,"nyt:hardcover_fiction=2011-05-28~fiction~attempted assassination~fiction, fantasy, general~fairies~amerikanisches englisch~epic fantasy~the kingkiller chronicle~fantasy fiction~protected daisy~fantasy~new york times bestseller~mercenary troops~wizards~magic~paranormal fiction~accessible book~phantastischer roman~magicians~heroes"
186074,"The Name of the Wind (The Kingkiller Chronicle, #1)",Patrick Rothfuss,"Rothfuss, Patrick",,"=""075640407X""","=""9780756404079""",5,4.52,Penguin Group DAW,Hardcover,662,2007,2007,2017/09/18,2017/09/23,,,read,,,,1,,,0,,,,,,"legends~magos~asesinos~quests~fiction~demons~alex award winner~novela fantástica~homeless children~antiheroes~the kingkiller chronicle~voyages and travels~magia~imaginary places~rulers~adult books for young adults~orphans~fantasy fiction~protected daisy~fantasy~quill award winner~new york times bestseller~series~epic fiction~juvenile audience~american fantasy fiction~fiction, fantasy, epic~murder~nyt:mass-market-paperback=2015-01-04~heroes and heroines~magician~good and evil~ficción~loss (psychology)~wizards~assassins~magic~gods and goddesses~fate and fatalism~accessible book~magicians~storytelling"
101094,The Famished Road,Ben Okri,"Okri, Ben",,"=""0385425139""","=""9780385425131""",5,3.73,Anchor Books,Paperback,512,1993,1991,,2017/07/23,,,read,"Scary, but very very nice",,,1,,,0,,,,,,"protected daisy~social life and customs~man booker prize winner~nigeria, fiction~fiction~africa in fiction~magic~accessible book~nigeria~nigeria in fiction~fiction, fantasy, contemporary~award:man_booker_prize=1991~magic in fiction"
18528236,The Gonjon Pin and Other Stories : The Caine Prize for African Writing 2014,The Caine Prize for African Writing,"Writing, The Caine Prize for African",,"=""1780261748""","=""9781780261744""",5,3.6,New Internationalist,Paperback,256,2014,2014,,2017/07/23,,,read,Exceptional story after story,,,1,,,0,,,,,,"""~="
62291,"A Storm of Swords (A Song of Ice and Fire, #3)",George R.R. Martin,"Martin, George R.R.",,"=""055357342X""","=""9780553573428""",4,4.54,Bantam,Mass Market Paperback,1177,2003,2000,,2017/07/23,,,read,,,,1,,,0,,,,,,"winter~kings and rulers~ignotus award winner~fiction~fiction, fantasy, general~invierno~comics & graphic novels, fantasy~guerras imaginarias~epic fantasy~seasons~locus award winner~imaginary places~fantasy fiction~fantasy~new york times bestseller~epic fiction~imaginary wars and battles~civil war~a song of ice and fire~bien y mal~fantastic fiction~science fiction, fantasy, horror~good and evil~ficción~nyt:trade_fiction_paperback=2011-09-10~courts and courtiers~magic~epic literature~hugo award winner"
10572,"A Clash of Kings  (A Song of Ice and Fire, #2)",George R.R. Martin,"Martin, George R.R.",,"=""0553381695""","=""9780553381696""",4,4.41,Bantam,Paperback,969,2002,1998,,2017/07/23,,,read,,,,1,,,0,,,,,,"winter~kings and rulers~ignotus award winner~fiction~fiction, fantasy, general~invierno~comics & graphic novels, fantasy~guerras imaginarias~epic fantasy~seasons~locus award winner~imaginary places~fantasy fiction~fantasy~new york times bestseller~epic fiction~imaginary wars and battles~civil war~a song of ice and fire~bien y mal~fantastic fiction~science fiction, fantasy, horror~good and evil~ficción~nyt:trade_fiction_paperback=2011-09-10~courts and courtiers~magic~epic literature~hugo award winner"
13496,"A Game of Thrones (A Song of Ice and Fire, #1)",George R.R. Martin,"Martin, George R.R.",,"=""0553588486""","=""9780553588484""",4,4.44,Bantam,Mass Market Paperback,835,2005,1996,,2017/07/23,,,read,,,,1,,,0,,,,,,"winter~kings and rulers~ignotus award winner~fiction~fiction, fantasy, general~invierno~comics & graphic novels, fantasy~guerras imaginarias~epic fantasy~seasons~locus award winner~imaginary places~fantasy fiction~fantasy~new york times bestseller~epic fiction~imaginary wars and battles~civil war~a song of ice and fire~bien y mal~fantastic fiction~science fiction, fantasy, horror~good and evil~ficción~nyt:trade_fiction_paperback=2011-09-10~courts and courtiers~magic~epic literature~hugo award winner"
890,Of Mice and Men,John Steinbeck,"Steinbeck, John",,"=""0142000671""","=""9780142000670""",0,3.88,Penguin Books,Paperback,112,2002,1937,,2017/04/21,,,read,,,,1,,,0,,,,,,"friendship, fiction~men~male friendship~fiction, general~psychological fiction~open_syllabus_project~étude et enseignement~fiction~california, fiction~goal (psychology)~historical fiction~fiction, fantasy, general~western stories~littérature française~comic books, strips~small town & rural~retrasados mentales~people with mental disabilities~classics~ranch life~cowhands~american literature~amistad entre hombres~open library staff picks~american fiction (fictional works by one author)~amitié masculine~drifters~contemporary fiction~west (u.s.), fiction~voyages and travels, fiction~vaqueros~protected daisy~farm life~friendship~vida ranchera~classic literature~critique et interprétation~classical literature~cow-boys~cowboys~literary fiction~ficción~study guides~examinations~vie rurale~labor trilogy~roman~accessible book~large type books~children's fiction~people with disabilities, fiction~literary~of mice and men (steinbeck, john)"
7235533,"The Way of Kings (The Stormlight Archive, #1)",Brandon Sanderson,"Sanderson, Brandon",,"=""0765326353""","=""9780765326355""",5,4.63,Tor Books,Hardcover,1007,2010,2010,,2017/04/21,,,read,,,,1,,,0,,,,,,"kings and rulers~slavery~nyt:hardcover-fiction=2010-09-19~high fantasy~fantasy~american literature~fiction~magic~new york times bestseller~fiction, fantasy, general~accessible book~imaginary places~imaginary wars and battles~manuscripts~fiction, fantasy, epic~epic fantasy"
17332218,"Words of Radiance (The Stormlight Archive, #2)",Brandon Sanderson,"Sanderson, Brandon",,"=""0765326361""","=""9780765326362""",5,4.75,Tor Books,Hardcover,1087,2014,2014,,2017/04/21,,,read,,,,1,,,0,,,,,,"life on other planets~fantasy fiction~high fantasy~fiction~nyt:combined-print-and-e-book-fiction=2014-03-23~magic~new york times bestseller~accessible book~imaginary wars and battles~fiction, fantasy, epic~epic fantasy"
1430,Eleven Minutes,Paulo Coelho,"Coelho, Paulo",Margaret Jull Costa,"=""0060589280""","=""9780060589288""",0,3.7,HarperOne,Paperback,273,2003,2003,,2017/04/21,,,read,,,,1,,,0,,,,,,"fiction, visionary & metaphysical~brazil, fiction~protected daisy~brazilians~sex~fiction~accessible book~prostitutes~love~romance fiction"
59924,The Lathe of Heaven,Ursula K. Le Guin,"Guin, Ursula K. Le",,"=""0060512741""","=""9780060512743""",0,4.11,Harper Perennial Modern Classics,Paperback,176,2003,1971,,2017/04/21,,,read,,,,1,,,0,,,,,,"science fiction~nature~dreams~protected daisy~social change~fiction, science fiction, general~fiction~dystopian fiction~dreams -- fiction~accessible book~effect of human beings on~fiction in english~psychotherapist and patient"
12484258,Advent (Advent Trilogy #1),James Treadwell,"Treadwell, James",,"=""1444728466""","=""9781444728460""",4,3.18,Hodder & Stoughton,Hardcover,448,2012,2012,2016/11/17,2016/11/17,,,read,,,,1,,,0,,,,,,protected daisy~accessible book~fiction~magic
126381,Purple Hibiscus,Chimamanda Ngozi Adichie,"Adichie, Chimamanda Ngozi",,"=""""","=""""",0,4.18,Harper Perennial,Paperback,336,2005,2003,,2016/05/28,,,read,,,,1,,,0,,,,,,
18749,Half of a Yellow Sun,Chimamanda Ngozi Adichie,"Adichie, Chimamanda Ngozi",,"=""1400044162""","=""9781400044160""",5,4.32,Knopf,Hardcover,433,2006,2006,2016/06/12,2016/05/28,,,read,,,,1,,,0,,,,,,"biafrakonflikt~nigeria, fiction~fiction~fiction, historical, general~new york times reviewed~historical fiction~war~anisfield-wolf book award winner~pen/open book award winner~history~orange broadband prize winner~fiction, political~modern literature~fiction, war & military~protected daisy~social aspects~fiction, historical~women’s prize for fiction winner~civil war~political fiction~literary fiction~civil war (nigeria : 1967-1970) fast (ocolc)fst01352311~military fiction~accessible book~large type books"
1,"Harry Potter and the Half-Blood Prince (Harry Potter, #6)",J.K. Rowling,"Rowling, J.K.",,"=""""","=""""",5,4.57,Scholastic Inc.,Paperback,652,2006,2005,,2016/05/28,,,read,,,,1,,,0,,,,,,
6,"Harry Potter and the Goblet of Fire (Harry Potter, #4)",J.K. Rowling,"Rowling, J.K.",Mary GrandPré,"=""""","=""""",4,4.57,Scholastic,Paperback,734,2002,2000,,2016/05/28,,,read,,,,1,,,0,,,,,,
136251,"Harry Potter and the Deathly Hallows (Harry Potter, #7)",J.K. Rowling,"Rowling, J.K.",,"=""""","=""""",5,4.62,Arthur A. Levine Books,Hardcover,759,2007,2007,,2016/05/28,,,read,,,,1,,,0,,,,,,
15881,"Harry Potter and the Chamber of Secrets (Harry Potter, #2)",J.K. Rowling,"Rowling, J.K.",Mary GrandPré,"=""""","=""""",5,4.43,Arthur A. Levine Books,Hardcover,341,1999,1998,,2016/05/28,,,read,,,,1,,,0,,,,,,
2,"Harry Potter and the Order of the Phoenix (Harry Potter, #5)",J.K. Rowling,"Rowling, J.K.",Mary GrandPré,"=""""","=""""",4,4.5,Scholastic Inc.,Paperback,870,2004,2003,,2016/05/28,,,read,,,,1,,,0,,,,,,
5,"Harry Potter and the Prisoner of Azkaban (Harry Potter, #3)",J.K. Rowling,"Rowling, J.K.",Mary GrandPré,"=""043965548X""","=""9780439655484""",5,4.58,Scholastic Inc.,Mass Market Paperback,435,2004,1999,,2016/05/28,,,read,,,,1,,,0,,,,,,"magos~orphans & foster homes~bram stoker award winner~bengali detective and mystery stories~general~fiction, fantasy, general~películas cinematográficas juveniles~witches~escuelas~fantasy & magic~chinese language materials~schools, fiction~hogwarts school of witchcraft and wizardry (imaginary place)~open library staff picks~hermione granger (fictitious character)~orphans~juvenile fiction~children's books/ages 9-12 fiction~adventure~juvenile audience~foster homes~reading materials~nyt:series_books=2006-09-16~literatura juvenil~potter, harry (caracter ficticio)~schulferien~romans, nouvelles, etc. pour la jeunesse~lüge~deutschland grenzschutzkommando mitte schule~science fiction, fantasy, & magic~magic, fiction~schools~england~hogwarts school of witchcraft and wizardry (lugar imaginario)~english literature~fabeltiere~wizards, fiction~reading level-grade 10~whitbread book award winner~hogwarts school of witchcraft and wizardry (imaginary organization), fiction~fantasy~new york times bestseller~verrat~juvenile fantasy fiction~ron weasley (fictitious character)~freundschaft~rache~reading level-grade 9~wizards~accessible book~magie~friendship, fiction~novela juvenil~boarding schools~reading level-grade 12~juvenile works~literature~family~potter, harry (personnage fictif)~hechiceros~spanish language~friendship~magiciens~french language materials~deutschland~england, fiction~social themes~potter, harry (fictitious character)~potter, harry (fictitious character), fiction~large type books~children's fiction~adventure and adventurers, fiction~potter, harry (personaje literario)~children stories~spanish: grades 4-7~juvenile films~fiction~harry potter (fictitious character)~hogwarts school of witchcraft and wizardry (imaginary organization)~reading level-grade 11~locus award winner~magia~children's books~tong hua~fantasy fiction~juvenile literature~jugendgruppe~chinese fiction~junge~good and evil~magic~ficción juvenil~translations from english~harry potter (fictional character)~school stories"
3,"Harry Potter and the Sorcerer's Stone (Harry Potter, #1)",J.K. Rowling,"Rowling, J.K.",,"=""""","=""""",5,4.48,Scholastic Inc,Hardcover,309,2003,1997,,2016/05/28,,,read,,,,1,,,0,,,,,,
144974,The Velveteen Rabbit,Margery Williams Bianco,"Bianco, Margery Williams",William   Nicholson,"=""0380002558""","=""9780380002559""",3,4.28,Avon,Paperback,40,1987,1922,,2016/05/28,,,read,What?,,,1,,,0,,,,,,"television~spanish language materials~abc weekend specials~fiction~specimens~films~general~toys, fiction~motion pictures~rabbits, fiction~rabbits~toy and movable books~children's stories, american~miniature books~tv movies~toys~spanish: grades 3-4~juvenile fiction~children's books/ages 9-12 fiction~interactive adventure~cartoons~juguetes~animation~adapted for television~ficción juvenil~accessible book~conejos~children's fiction"
22065512,The Shadow Behind the Stars,Rebecca   Hahn,"Hahn, Rebecca",,"=""1481435736""","=""9781481435734""",4,3.3,Atheneum Books for Young Readers,ebook,256,2015,2015,,2016/05/28,,,read,,,,1,,,0,,,,,,protected daisy~greek mythology~greek goddesses~fiction~prophecies~fate and fatalism~oracles~accessible book
9790789,"Dark Rising (Alex Hunter, #2)",Greig Beck,"Beck, Greig",,"=""0312599803""","=""9780312599805""",4,4.0,St. Martin's Paperbacks,Paperback,304,2011,2010,,2016/05/28,,,read,,,,1,,,0,,,,,,"israel, fiction~fiction, horror~fiction, thrillers, general"
10803892,"This Green Hell (Alex Hunter, #3)",Greig Beck,"Beck, Greig",,"=""1405040491""","=""9781405040495""",4,4.08,Pan McMillan,Paperback,326,2011,2011,,2016/05/28,,,read,,,,1,,,0,,,,,,"paraguay, fiction~fiction, suspense"
7736474,"Beneath the Dark Ice (Alex Hunter, #1)",Greig Beck,"Beck, Greig",,"=""031259979X""","=""9780312599799""",5,3.89,St. Martin's Paperbacks,Paperback,294,2010,2009,,2016/05/28,,,read,,,,1,,,0,,,,,,
20649195,"Because You'll Never Meet Me (Because You'll Never Meet Me, #1)",Leah Thomas,"Thomas, Leah",,"=""""","=""9781408862629""",5,4.01,Bloomsbury Children's Books,Paperback,344,2015,2015,,2016/05/28,,,read,Simply Stunning. ,,,1,,,0,,,,,,
55403,Black Hawk Down: A Story of Modern War,Mark Bowden,"Bowden, Mark",,"=""0871137380""","=""9780871137388""",4,4.28,Atlantic Monthly Press,Hardcover,386,1999,1999,,2016/05/28,,,read,,,,1,,,0,,,,,,"""~="
9525402,"The Heart and the Fist: The Education of a Humanitarian, the Making of a Navy SEAL",Eric Greitens,"Greitens, Eric",,"=""054742485X""","=""9780547424859""",5,4.13,Mariner Books,Hardcover,320,2011,2011,,2016/05/28,,,read,,,,1,,,0,,,,,,"""~="
115587,Inside Delta Force: The Story of America's Elite Counterterrorist Unit,Eric L. Haney,"Haney, Eric L.",,"=""0385339364""","=""9780385339360""",5,4.16,Delta,Paperback,324,2005,2002,,2016/05/28,,,read,Have a good un!,,,1,,,0,,,,,,"""~="
711901,Lone Survivor: The Eyewitness Account of Operation Redwing and the Lost Heroes of SEAL Team 10,Marcus Luttrell,"Luttrell, Marcus",Patrick Robinson,"=""0316067598""","=""9780316067591""",5,4.31,"Little, Brown and Company",Hardcover,390,2007,2006,,2016/05/28,,,read,,,,1,,,0,,,,,,"""~="
257983,Masters of Chaos: The Secret History of the Special Forces,Linda Robinson,"Robinson, Linda",,"=""1586483528""","=""9781586483524""",4,3.97,PublicAffairs,Paperback,432,2005,2004,,2016/05/28,,,read,,,,1,,,0,,,,,,"""~="
18619684,The Time Traveler's Wife,Audrey Niffenegger,"Niffenegger, Audrey",,"=""""","=""9781939126016""",5,3.98,Zola Books,ebook,500,2013,2003,,2016/05/28,,,read,,,,1,,,0,,,,,,
2657,To Kill a Mockingbird,Harper Lee,"Lee, Harper",,"=""""","=""""",4,4.27,Harper Perennial Modern Classics ,Paperback,336,2006,1960,,2016/05/28,,,read,,,,1,,,0,,,,,,
10916,The Pact,Jodi Picoult,"Picoult, Jodi",,"=""0061150142""","=""9780061150142""",4,4.01,Avon,Paperback,512,2006,1998,,2016/05/28,,,read,,,,1,,,0,,,,,,"literature~death~nyt:e-book_fiction=2012-02-11~fiction, psychological~protected daisy~fiction~new york times reviewed~new york times bestseller~accessible book~teenagers"
11408650,"The Unbecoming of Mara Dyer (Mara Dyer, #1)",Michelle Hodkin,"Hodkin, Michelle",,"=""""","=""""",4,4.03,Simon & Schuster Books for Young Readers,Kindle Edition,456,2011,2011,,2016/05/28,,,read,,,,1,,,0,,,,,,
15826004,"Agenda 21 (Agenda 21, #1)",Glenn Beck,"Beck, Glenn",Harriet Parke,"=""1476716692""","=""9781476716695""",4,3.84,Threshold Editions,Hardcover,304,2012,2012,,2016/05/28,,,read,,,,1,,,0,,,,,,"fiction, dystopian~fiction, thrillers, general~fiction, political"
4836308,"The Physick Book of Deliverance Dane (The Physick Book, #1)",Katherine Howe,"Howe, Katherine",,"=""1401340903""","=""9781401340902""",3,3.71,voice,Hardcover,371,2009,2009,,2016/05/28,,,read,,,,1,,,0,,,,,,"witchcraft--massachusetts--fiction.~fiction, historical~trials (witchcraft)--massachusetts--salem--history--17th century--fiction.~fiction~trials (witchcraft)~witchcraft~new york times bestseller~fiction, historical, general~nyt:hardcover-fiction=2009-06-28~accessible book~history~salem (mass.), fiction~fiction, occult & supernatural~witches~large type books"
1305,Gates of Fire,Steven Pressfield,"Pressfield, Steven",,"=""055338368X""","=""9780553383683""",5,4.39,Bantam,Paperback,526,2005,1998,,2016/05/28,,,read,,,,1,,,0,,,,,,"thermopylae, battle of, 400 b.c.~greece, fiction~fiction, war & military~protected daisy~fiction, historical~fiction~thermopylae, battle of, greece, 480 b.c~new york times reviewed~historical fiction~general~fiction, historical, general~accessible book~thermopylae, battle of, 480 b.c.~history~thermopylae, battle of, greece, 480 b.c.~large type books"
11290708,What It is Like to Go to War,Karl Marlantes,"Marlantes, Karl",,"=""0802119921""","=""9780802119926""",4,3.95,Atlantic Monthly Press,Hardcover,257,2011,2011,,2016/05/28,,,read,,,,1,,,0,,,,,,"archetype (psychology)~war~psychology~history~therapeutic use~violence~vietnam war, 1961-1975~moral and ethical aspects~biography~combat~vietnam war~personal narratives~military psychology~psychological aspects~vietnam conflict~protected daisy~social aspects~war, psychological aspects~ceremonial behavior~soldiers~new york times bestseller~ethics~rites and ceremonies~armed conflicts~mental health~accessible book~veterans~american personal narratives~vietnam war, 1961-1975, personal narratives~military personnel"
1431,Veronika Decides to Die,Paulo Coelho,"Coelho, Paulo",Margaret Jull Costa,"=""0061124265""","=""9780061124266""",4,3.71,Harper Perennial,Paperback,210,2006,1998,,2016/05/28,,,read,,,,1,,,0,,,,,,suicidal behavior~protected daisy~fiction~quality of life~accessible book~mental illness~suicide~young women~paulo coelho
71728,Jonathan Livingston Seagull,Richard Bach,"Bach, Richard",Russell Munson,"=""0743278909""","=""9780743278904""",5,3.85,Scribner,Paperback,112,2006,1970,,2016/05/28,,,read,,,,1,,,0,,,,,,"goélands dans la littérature~reading level-grade 8~gaviotas~reading level-grade 9~reading level-grade 7~juvenile fiction~reading level-grade 11~reading level-grade 12~fiction~open library staff picks~ficción juvenil~accessible book~large type books~reading level-grade 10~gulls~fiction, visionary & metaphysical"
865,The Alchemist,Paulo Coelho,"Coelho, Paulo",Alan R. Clarke,"=""0061122416""","=""9780061122415""",5,3.89,HarperCollins,Paperback,197,1993,1988,,2016/05/28,,,read,,,,1,,,0,,,,,,
